Entité;Jo;Match;Date;Heure;EQA_no;EQA_nom;EQB_no;EQB_nom;Set;Score;Total;Salle;Arb1;Arb2;
ABCCS;01;2FD001;2025-09-28;14:00;0929372;PLESSIS-ROBINSON VOLLEY-BALL;;xxxxx;;;;ESP. OMNISPORTS;;;
ABCCS;01;2FD002;2025-09-28;11:00;0798259;VOLLEY-BALL PEXINOIS NIORT;0330014;J.S.A. BORDEAUX; 0/3;19-25,27-29,15-25;61-79;HENRI BARBUSSE;GREMILLON STEPHANE;THEBAULT VALERIE;
ABCCS;01;2FD003;2025-09-28;14:00;0491492;SPORTING CLUB DE L OUEST;0351417;RENNES ETUDIANTS CLUB 2; 1/3;18-25,23-25,25-19,19-25;85-94;CENTRE SPORTIF DE LA ROSERAIE;GEORGE ALLISTER;LEPINAY DAMIEN;
ABCCS;01;2FD004;2025-09-28;14:00;0784696;AS VOLLEY-BALL VELIZY;0299370;QUIMPER VOLLEY 29; 1/3;20-25,22-25,25-21,23-25;90-96;CENTRE SPORTIF ROBERT WAGNER;VIÉ ARNAUD;DANAIS CLAUSSE MELISSA;
ABCCS;01;2FD005;2025-09-28;14:00;0444976;LES NEPTUNES NANTES VOLLEY ASSOCIATION 2 CFC;0338606;VOLLEY BALL CLUB LE HAILLAN; 3/1;25-22,25-14,20-25,25-16;95-77;JEAN JAHAN 2;DUCHENE CECILIA;SIMON ERIC;
ABCCS;01;2FD006;2025-09-28;14:00;0335197;SPORT ATHLETIQUE MERIGNACAIS;0148994;ELAN SPORTIF DE CARPIQUET DE VOLLEY; 0/3;17-25,13-25,21-25;51-75;GYMNASE ALICE MILLIAT;TANGUY LUDIVINE;BEAUDOUIN MATTHIEU;
ABCCS;02;2FD007;2025-10-05;14:00;0335197;SPORT ATHLETIQUE MERIGNACAIS;;xxxxx;;;;GYMNASE ALICE MILLIAT;;;
ABCCS;02;2FD008;2025-10-05;16:00;0148994;ELAN SPORTIF DE CARPIQUET DE VOLLEY;0444976;LES NEPTUNES NANTES VOLLEY ASSOCIATION 2 CFC; 3/1;25-18,21-25,27-25,25-20;98-88;SALLE LEGRANDOIS;GICQUEL OLIVIER;SERRE OLIVIER;
ABCCS;02;2FD009;2025-10-05;14:30;0338606;VOLLEY BALL CLUB LE HAILLAN;0784696;AS VOLLEY-BALL VELIZY; 3/0;25-19,25-21,25-21;75-61;BEL AIR;DARQUY DAVID;DOMINGUEZ LUCIO MARCIAL;
ABCCS;02;2FD010;2025-10-05;14:00;0299370;QUIMPER VOLLEY 29;0491492;SPORTING CLUB DE L OUEST; 3/2;25-23,20-25,25-15,20-25,15-12;105-100;GYMNASE COLLEGE LA TOURELLE;DUCHENE CECILIA;MILIN FREDERIC;
ABCCS;02;2FD011;2025-10-05;16:00;0351417;RENNES ETUDIANTS CLUB 2;0798259;VOLLEY-BALL PEXINOIS NIORT; 3/0;25-10,25-16,25-19;75-45;COURTEMANCHE;TANGUY LUDIVINE;PICANTIN SIMON;
ABCCS;02;2FD012;2025-10-05;14:00;0330014;J.S.A. BORDEAUX;0929372;PLESSIS-ROBINSON VOLLEY-BALL; 3/1;24-26,25-17,25-20,25-22;99-85;SALLE MAITRE JEAN;SIMON ERIC;QUENTIN JEAN-PHILIPPE;
ABCCS;03;2FD013;2025-10-19;15:00;;xxxxx;0330014;J.S.A. BORDEAUX;;;;;;;
ABCCS;03;2FD014;2025-10-19;14:00;0929372;PLESSIS-ROBINSON VOLLEY-BALL;0351417;RENNES ETUDIANTS CLUB 2; 1/3;25-18,25-27,21-25,22-25;93-95;ESP. OMNISPORTS;JOLY FRANCK;FALISCHIA LODE;
ABCCS;03;2FD015;2025-10-19;14:00;0798259;VOLLEY-BALL PEXINOIS NIORT;0299370;QUIMPER VOLLEY 29; 1/3;14-25,23-25,25-21,18-25;80-96;HENRI BARBUSSE;BRESSON NICOLAS;BEAUDOUIN MATTHIEU;
ABCCS;03;2FD016;2025-10-19;14:00;0491492;SPORTING CLUB DE L OUEST;0338606;VOLLEY BALL CLUB LE HAILLAN; 3/1;25-15,20-25,25-13,25-17;95-70;CENTRE SPORTIF DE LA ROSERAIE;LAUNEAU OLIVIER;BEZY MARY-EMMANUEL;
ABCCS;03;2FD017;2025-10-19;14:00;0784696;AS VOLLEY-BALL VELIZY;0148994;ELAN SPORTIF DE CARPIQUET DE VOLLEY; 3/1;25-15,26-24,23-25,25-21;99-85;CENTRE SPORTIF ROBERT WAGNER;CADET JEAN-LUC;CHANTEUR VALERIE;
ABCCS;03;2FD018;2025-10-19;14:00;0444976;LES NEPTUNES NANTES VOLLEY ASSOCIATION 2 CFC;0335197;SPORT ATHLETIQUE MERIGNACAIS; 3/0;25-20,25-18,27-25;77-63;JEAN JAHAN 2;ANCEL CEDRIC;BRASSART GEOFFREY;
ABCCS;04;2FD019;2025-10-26;14:00;0444976;LES NEPTUNES NANTES VOLLEY ASSOCIATION 2 CFC;;xxxxx;;;;JEAN JAHAN 2;;;
ABCCS;04;2FD020;2025-10-26;14:30;0335197;SPORT ATHLETIQUE MERIGNACAIS;0784696;AS VOLLEY-BALL VELIZY; 3/0;25-15,25-17,25-22;75-54;GYMNASE ALICE MILLIAT;VO QUANG TUYEN DANIEL;DARQUY DAVID;
ABCCS;04;2FD021;2025-10-26;16:00;0148994;ELAN SPORTIF DE CARPIQUET DE VOLLEY;0491492;SPORTING CLUB DE L OUEST; 1/3;25-23,23-25,18-25,19-25;85-98;SALLE LEGRANDOIS;ELOY GUILLAUME;DRUART SYLVAIN;
ABCCS;04;2FD022;2025-10-26;15:00;0338606;VOLLEY BALL CLUB LE HAILLAN;0798259;VOLLEY-BALL PEXINOIS NIORT; 3/0;25-12,25-23,25-22;75-57;BEL AIR;REQUEDA SYLVAIN;BRESSON NICOLAS;
ABCCS;04;2FD023;2025-10-26;14:00;0299370;QUIMPER VOLLEY 29;0929372;PLESSIS-ROBINSON VOLLEY-BALL; 3/1;25-14,26-28,25-21,25-19;101-82;GYMNASE COLLEGE LA TOURELLE;MOKAHLI ESSABAG ABDELHAMID;MILIN FREDERIC;
ABCCS;04;2FD024;2025-10-26;14:00;0351417;RENNES ETUDIANTS CLUB 2;0330014;J.S.A. BORDEAUX; 0/3;22-25,19-25,14-25;55-75;COURTEMANCHE;PAILLAT FREDERIC;DUCHENE CECILIA;
ABCCS;05;2FD025;2025-11-02;15:00;;xxxxx;0351417;RENNES ETUDIANTS CLUB 2;;;;;;;
ABCCS;05;2FD026;2025-11-02;14:00;0330014;J.S.A. BORDEAUX;0299370;QUIMPER VOLLEY 29; 3/0;26-24,25-11,25-22;76-57;SALLE MAITRE JEAN;VAURETTE VINCENT;EL ASBAHANI NAJIB;
ABCCS;05;2FD027;2025-11-02;14:00;0929372;PLESSIS-ROBINSON VOLLEY-BALL;0338606;VOLLEY BALL CLUB LE HAILLAN; 3/1;25-11,25-20,22-25,25-23;97-79;ESP. OMNISPORTS;GORAM NICOLAS;CARBONNEL FABIEN;
ABCCS;05;2FD028;2025-11-02;14:00;0798259;VOLLEY-BALL PEXINOIS NIORT;0148994;ELAN SPORTIF DE CARPIQUET DE VOLLEY; 2/3;15-25,25-21,16-25,25-16,10-15;91-102;HENRI BARBUSSE;GREMILLON STEPHANE;MAUPIOUX EWEN;
ABCCS;05;2FD029;2025-11-02;14:00;0491492;SPORTING CLUB DE L OUEST;0335197;SPORT ATHLETIQUE MERIGNACAIS; 3/0;25-23,25-11,26-24;76-58;CENTRE SPORTIF DE LA ROSERAIE;LOUVEAU HUGUES;TANGUY LUDIVINE;
ABCCS;05;2FD030;2025-11-02;14:00;0784696;AS VOLLEY-BALL VELIZY;0444976;LES NEPTUNES NANTES VOLLEY ASSOCIATION 2 CFC; 3/2;25-20,19-25,25-20,23-25,15-12;107-102;CENTRE SPORTIF ROBERT WAGNER;VIÉ ARNAUD;STRENS JULIEN;
ABCCS;06;2FD031;2025-11-16;14:00;0784696;AS VOLLEY-BALL VELIZY;;xxxxx;;;;CENTRE SPORTIF ROBERT WAGNER;;;
ABCCS;06;2FD032;2025-11-16;14:00;0444976;LES NEPTUNES NANTES VOLLEY ASSOCIATION 2 CFC;0491492;SPORTING CLUB DE L OUEST; 2/3;25-21,19-25,25-23,23-25,6-7;98-101;JEAN JAHAN 2;SIMON ERIC;CHABROL JEROME;
ABCCS;06;2FD033;2025-11-16;14:00;0335197;SPORT ATHLETIQUE MERIGNACAIS;0798259;VOLLEY-BALL PEXINOIS NIORT; 3/1;25-17,25-20,17-25,25-11;92-73;GYMNASE ALICE MILLIAT;DARQUY DAVID;DOMINGUEZ LUCIO MARCIAL;
ABCCS;06;2FD034;2025-11-16;16:00;0148994;ELAN SPORTIF DE CARPIQUET DE VOLLEY;0929372;PLESSIS-ROBINSON VOLLEY-BALL; 1/3;24-26,18-25,25-18,25-27;92-96;SALLE LEGRANDOIS;BOULEAU NATHALIE;MOKAHLI ESSABAG ABDELHAMID;
ABCCS;06;2FD035;2025-11-16;15:00;0338606;VOLLEY BALL CLUB LE HAILLAN;0330014;J.S.A. BORDEAUX; 2/3;24-26,25-21,25-16,20-25,13-15;107-103;BEL AIR;BRESSON NICOLAS;FLAMMANG EMMA;
ABCCS;06;2FD036;2025-11-16;14:00;0299370;QUIMPER VOLLEY 29;0351417;RENNES ETUDIANTS CLUB 2; 3/0;25-20,25-18,25-21;75-59;GYMNASE COLLEGE LA TOURELLE;DUCHENE CECILIA;MILIN FREDERIC;
ABCCS;07;2FD037;2025-11-23;15:00;;xxxxx;0299370;QUIMPER VOLLEY 29;;;;;;;
ABCCS;07;2FD038;2025-11-23;14:00;0351417;RENNES ETUDIANTS CLUB 2;0338606;VOLLEY BALL CLUB LE HAILLAN; 3/1;25-13,25-22,13-25,25-23;88-83;COURTEMANCHE;LE MOINE NADINE;DEVAUTOUR ANNA;
ABCCS;07;2FD039;2025-11-23;14:00;0330014;J.S.A. BORDEAUX;0148994;ELAN SPORTIF DE CARPIQUET DE VOLLEY; 3/1;25-18,25-20,25-27,25-23;100-88;SALLE MAITRE JEAN;MOCQUARD BENJAMIN;PAILLAT FREDERIC;
ABCCS;07;2FD040;2025-11-23;14:00;0929372;PLESSIS-ROBINSON VOLLEY-BALL;0335197;SPORT ATHLETIQUE MERIGNACAIS; 1/3;25-18,22-25,20-25,21-25;88-93;ESP. OMNISPORTS;MARTINET PIERRICK;MOURIER MARTIN;
ABCCS;07;2FD041;2025-11-23;14:00;0798259;VOLLEY-BALL PEXINOIS NIORT;0444976;LES NEPTUNES NANTES VOLLEY ASSOCIATION 2 CFC; 3/2;21-25,18-25,25-18,25-23,15-9;104-100;HENRI BARBUSSE;COURTILLE BRUNO;SASTRE JESSICA;
ABCCS;07;2FD042;2025-11-23;14:00;0491492;SPORTING CLUB DE L OUEST;0784696;AS VOLLEY-BALL VELIZY; 3/2;15-25,25-15,22-25,25-20,15-6;102-91;CENTRE SPORTIF DE LA ROSERAIE;LOUVEAU HUGUES;STRENS JULIEN;
ABCCS;08;2FD043;2025-11-30;14:00;0491492;SPORTING CLUB DE L OUEST;;xxxxx;;;;CENTRE SPORTIF DE LA ROSERAIE;;;
ABCCS;08;2FD044;2025-11-30;14:00;0784696;AS VOLLEY-BALL VELIZY;0798259;VOLLEY-BALL PEXINOIS NIORT; 3/0;25-23,25-21,25-11;75-55;CENTRE SPORTIF ROBERT WAGNER;ROUSSET FREDERIC;MOKAHLI ESSABAG ABDELHAMID;
ABCCS;08;2FD045;2025-11-30;14:00;0444976;LES NEPTUNES NANTES VOLLEY ASSOCIATION 2 CFC;0929372;PLESSIS-ROBINSON VOLLEY-BALL; 3/0;25-14,25-20,25-22;75-56;JEAN JAHAN 2;DRANSART LOAN;ANCEL CEDRIC;
ABCCS;08;2FD046;2025-11-30;14:00;0335197;SPORT ATHLETIQUE MERIGNACAIS;0330014;J.S.A. BORDEAUX; 3/1;25-17,25-23,23-25,25-20;98-85;GYMNASE ALICE MILLIAT;FLAMMANG EMMA;DARQUY DAVID;
ABCCS;08;2FD047;2025-11-30;16:00;0148994;ELAN SPORTIF DE CARPIQUET DE VOLLEY;0351417;RENNES ETUDIANTS CLUB 2; 1/3;25-21,22-25,23-25,20-25;90-96;SALLE LEGRANDOIS;DECHOUX CHRISTIAN;SERRE OLIVIER;
ABCCS;08;2FD048;2025-11-30;15:00;0338606;VOLLEY BALL CLUB LE HAILLAN;0299370;QUIMPER VOLLEY 29; 2/3;18-25,25-21,25-14,13-25,7-15;88-100;BEL AIR;LEPINAY DAMIEN;GREMILLON STEPHANE;
ABCCS;09;2FD049;2025-12-07;15:00;;xxxxx;0338606;VOLLEY BALL CLUB LE HAILLAN;;;;;;;
ABCCS;09;2FD050;2025-12-07;14:00;0299370;QUIMPER VOLLEY 29;0148994;ELAN SPORTIF DE CARPIQUET DE VOLLEY; 2/3;25-23,15-25,25-19,17-25,13-15;95-107;GYMNASE COLLEGE LA TOURELLE;DELCHOQUE THIERRY;PRIOU BRUNO;
ABCCS;09;2FD051;2025-12-07;14:00;0351417;RENNES ETUDIANTS CLUB 2;0335197;SPORT ATHLETIQUE MERIGNACAIS; 2/3;25-23,25-18,19-25,20-25,12-15;101-106;COURTEMANCHE;MOCQUARD BENJAMIN;DEVAUTOUR ANNA;
ABCCS;09;2FD052;2025-12-07;14:00;0330014;J.S.A. BORDEAUX;0444976;LES NEPTUNES NANTES VOLLEY ASSOCIATION 2 CFC; 3/1;25-20,21-25,25-13,25-20;96-78;SALLE MAITRE JEAN;COURTILLE BRUNO;CAPY NICOLAS;
ABCCS;09;2FD053;2025-12-06;18:00;0929372;PLESSIS-ROBINSON VOLLEY-BALL;0784696;AS VOLLEY-BALL VELIZY; 1/3;19-25,17-25,25-14,22-25;83-89;ESP. OMNISPORTS;TRANCHANT SEBASTIEN;RICHART OLIVIER;
ABCCS;09;2FD054;2025-12-07;15:00;0798259;VOLLEY-BALL PEXINOIS NIORT;0491492;SPORTING CLUB DE L OUEST; 1/3;17-25,25-23,18-25,16-25;76-98;HENRI BARBUSSE;QUINGUE SAMUEL;BARRABÈS ARNO;
ABCCS;10;2FD055;2025-12-21;15:00;0798259;VOLLEY-BALL PEXINOIS NIORT;;xxxxx;;;;HENRI BARBUSSE;;;
ABCCS;10;2FD056;2025-12-21;14:00;0491492;SPORTING CLUB DE L OUEST;0929372;PLESSIS-ROBINSON VOLLEY-BALL; 3/1;20-25,25-18,25-21,25-23;95-87;CENTRE SPORTIF DE LA ROSERAIE;POTAU MATHIEU;NOEL GILLES;
ABCCS;10;2FD057;2025-12-21;14:00;0784696;AS VOLLEY-BALL VELIZY;0330014;J.S.A. BORDEAUX; 0/3;22-25,25-27,22-25;69-77;CENTRE SPORTIF ROBERT WAGNER;DECHOUX CHRISTIAN;CADET JEAN-LUC;
ABCCS;10;2FD058;2025-12-21;15:00;0444976;LES NEPTUNES NANTES VOLLEY ASSOCIATION 2 CFC;0351417;RENNES ETUDIANTS CLUB 2; 3/0;25-20,25-16,25-15;75-51;JEAN JAHAN 2;MAUPIOUX EWEN;GREMILLON STEPHANE;
ABCCS;10;2FD059;2025-12-21;14:00;0335197;SPORT ATHLETIQUE MERIGNACAIS;0299370;QUIMPER VOLLEY 29; 3/1;25-17,23-25,25-19,25-21;98-82;GYMNASE ALICE MILLIAT;SIMON ERIC;BRESSON NICOLAS;
ABCCS;10;2FD060;2025-12-21;16:00;0148994;ELAN SPORTIF DE CARPIQUET DE VOLLEY;0338606;VOLLEY BALL CLUB LE HAILLAN; 3/1;25-22,19-25,25-8,25-10;94-65;SALLE LEGRANDOIS;QUEVA STEPHANE;ELOY GUILLAUME;
ABCCS;11;2FD061;2026-01-11;15:00;;xxxxx;0148994;ELAN SPORTIF DE CARPIQUET DE VOLLEY;;;;;;;
ABCCS;11;2FD062;2026-01-11;15:00;0338606;VOLLEY BALL CLUB LE HAILLAN;0335197;SPORT ATHLETIQUE MERIGNACAIS; P/3;0-25,0-25,0-25;0-75;BEL AIR;BARRABÈS ARNO;DOMINGUEZ LUCIO MARCIAL;
ABCCS;11;2FD063;2026-01-11;14:00;0299370;QUIMPER VOLLEY 29;0444976;LES NEPTUNES NANTES VOLLEY ASSOCIATION 2 CFC; 3/2;17-25,25-18,18-25,25-22,15-12;100-102;GYMNASE COLLEGE LA TOURELLE;LE CORVIC FRANK;LE ROY MAELLE;
ABCCS;11;2FD064;2026-01-11;14:00;0351417;RENNES ETUDIANTS CLUB 2;0784696;AS VOLLEY-BALL VELIZY; 3/2;25-16,24-26,20-25,25-23,15-12;109-102;COURTEMANCHE;MORTIER FRANCOIS;EON GWENAELLE;
ABCCS;11;2FD065;2026-01-11;14:00;0330014;J.S.A. BORDEAUX;0491492;SPORTING CLUB DE L OUEST; 3/2;16-25,18-25,25-12,25-13,15-12;99-87;SALLE MAITRE JEAN;LARRIEU DAVID;JEANNE RODRIGUE;
ABCCS;11;2FD066;2026-01-11;14:00;0929372;PLESSIS-ROBINSON VOLLEY-BALL;0798259;VOLLEY-BALL PEXINOIS NIORT; 3/1;25-23,15-25,25-17,25-15;90-80;ESP. OMNISPORTS;TRANCHANT SEBASTIEN;REGARD SANDRINE;
ABCCS;12;2FD067;2026-01-25;15:00;;xxxxx;0929372;PLESSIS-ROBINSON VOLLEY-BALL;;;;;;;
ABCCS;12;2FD068;2026-01-25;14:00;0330014;J.S.A. BORDEAUX;0798259;VOLLEY-BALL PEXINOIS NIORT; 3/1;25-17,22-25,25-12,25-15;97-69;SALLE MAITRE JEAN;GHENIMI NOUR'AMIR;BARRABÈS ARNO;
ABCCS;12;2FD069;2026-01-25;14:00;0351417;RENNES ETUDIANTS CLUB 2;0491492;SPORTING CLUB DE L OUEST; 2/3;12-25,25-22,25-18,21-25,13-15;96-105;COURTEMANCHE;LENEUTRE KEVIN;LEMARCHAND MAIWEN;
ABCCS;12;2FD070;2026-01-25;14:00;0299370;QUIMPER VOLLEY 29;0784696;AS VOLLEY-BALL VELIZY; 3/0;25-21,25-15,25-17;75-53;GYMNASE COLLEGE LA TOURELLE;TANGUY LUDIVINE;LE CORVIC FRANK;
ABCCS;12;2FD071;2026-01-25;15:00;0338606;VOLLEY BALL CLUB LE HAILLAN;0444976;LES NEPTUNES NANTES VOLLEY ASSOCIATION 2 CFC; 0/3;7-25,14-25,20-25;41-75;BEL AIR;LAUNEAU OLIVIER;FLAMMANG EMMA;
ABCCS;12;2FD072;2026-01-25;16:00;0148994;ELAN SPORTIF DE CARPIQUET DE VOLLEY;0335197;SPORT ATHLETIQUE MERIGNACAIS; 3/2;25-17,25-23,27-29,20-25,15-4;112-98;SALLE LEGRANDOIS;MOCQUARD BENJAMIN;MOKAHLI ESSABAG ABDELHAMID;
ABCCS;13;2FD073;2026-02-01;15:00;;xxxxx;0335197;SPORT ATHLETIQUE MERIGNACAIS;;;;;;;
ABCCS;13;2FD074;2026-02-01;14:00;0444976;LES NEPTUNES NANTES VOLLEY ASSOCIATION 2 CFC;0148994;ELAN SPORTIF DE CARPIQUET DE VOLLEY; 3/1;28-26,25-14,25-27,25-22;103-89;JEAN JAHAN 2;REQUEDA SYLVAIN;SIMON ERIC;
ABCCS;13;2FD075;2026-02-01;14:00;0784696;AS VOLLEY-BALL VELIZY;0338606;VOLLEY BALL CLUB LE HAILLAN; 3/1;22-25,25-13,25-19,25-15;97-72;CENTRE SPORTIF ROBERT WAGNER;LAUNEAU OLIVIER;VIÉ ARNAUD;
ABCCS;13;2FD076;2026-02-01;14:00;0491492;SPORTING CLUB DE L OUEST;0299370;QUIMPER VOLLEY 29; 3/2;25-20,25-21,15-25,18-25,15-13;98-104;CENTRE SPORTIF DE LA ROSERAIE;MAUPIOUX EWEN;DESCOUX AYMERIC;
ABCCS;13;2FD077;2026-02-01;14:00;0798259;VOLLEY-BALL PEXINOIS NIORT;0351417;RENNES ETUDIANTS CLUB 2; 0/3;23-25,22-25,19-25;64-75;HENRI BARBUSSE;QUENTIN JEAN-PHILIPPE;BARRABÈS ARNO;
ABCCS;13;2FD078;2026-02-01;14:00;0929372;PLESSIS-ROBINSON VOLLEY-BALL;0330014;J.S.A. BORDEAUX; 1/3;23-25,25-20,19-25,20-25;87-95;ESP. OMNISPORTS;CHANTEUR VALERIE;REMIR ADELINE;
ABCCS;14;2FD079;2026-02-15;14:00;0330014;J.S.A. BORDEAUX;;xxxxx;;;;SALLE MAITRE JEAN;;;
ABCCS;14;2FD080;2026-02-15;14:00;0351417;RENNES ETUDIANTS CLUB 2;0929372;PLESSIS-ROBINSON VOLLEY-BALL; 0/3;17-25,25-27,25-27;67-79;COURTEMANCHE;ABBAS MEHDI;DUCHENE CECILIA;
ABCCS;14;2FD081;2026-02-15;14:00;0299370;QUIMPER VOLLEY 29;0798259;VOLLEY-BALL PEXINOIS NIORT; 3/0;25-20,25-22,25-20;75-62;GYMNASE COLLEGE LA TOURELLE;LE CORVIC FRANK;ANCEL CEDRIC;
ABCCS;14;2FD082;2026-02-15;15:00;0338606;VOLLEY BALL CLUB LE HAILLAN;0491492;SPORTING CLUB DE L OUEST; 1/3;23-25,16-25,25-22,14-25;78-97;BEL AIR;BARRABÈS ARNO;BOUGAIN THIERRY;
ABCCS;14;2FD083;2026-02-15;16:00;0148994;ELAN SPORTIF DE CARPIQUET DE VOLLEY;0784696;AS VOLLEY-BALL VELIZY; 3/0;25-21,25-14,25-16;75-51;SALLE LEGRANDOIS;DANGLEANT LILIA;CADET JEAN-LUC;
ABCCS;14;2FD084;2026-02-15;14:00;0335197;SPORT ATHLETIQUE MERIGNACAIS;0444976;LES NEPTUNES NANTES VOLLEY ASSOCIATION 2 CFC; 0/3;20-25,17-25,20-25;57-75;GYMNASE ALICE MILLIAT;COURTILLE BRUNO;BEAUVIER ARNAUD;
ABCCS;15;2FD085;2026-02-22;15:00;;xxxxx;0444976;LES NEPTUNES NANTES VOLLEY ASSOCIATION 2 CFC;;;;;;;
ABCCS;15;2FD086;2026-02-22;14:00;0784696;AS VOLLEY-BALL VELIZY;0335197;SPORT ATHLETIQUE MERIGNACAIS; 1/3;23-25,25-21,13-25,25-27;86-98;CENTRE SPORTIF ROBERT WAGNER;DRANSART LOAN;VAURETTE VINCENT;
ABCCS;15;2FD087;2026-02-22;14:00;0491492;SPORTING CLUB DE L OUEST;0148994;ELAN SPORTIF DE CARPIQUET DE VOLLEY; 3/2;25-14,25-22,20-25,25-27,15-7;110-95;CENTRE SPORTIF DE LA ROSERAIE;COURTILLE BRUNO;BOUGAIN THIERRY;
ABCCS;15;2FD088;2026-02-22;14:00;0798259;VOLLEY-BALL PEXINOIS NIORT;0338606;VOLLEY BALL CLUB LE HAILLAN; 3/2;25-18,25-21,21-25,22-25,15-13;108-102;HENRI BARBUSSE;MOUDACHE LYES;GHENIMI NOUR'AMIR;
ABCCS;15;2FD089;2026-02-22;14:00;0929372;PLESSIS-ROBINSON VOLLEY-BALL;0299370;QUIMPER VOLLEY 29; 3/0;25-19,25-19,25-16;75-54;GYMNASE JOLIOT CURIE;VIÉ ARNAUD;CHANTEUR VALERIE;
ABCCS;15;2FD090;2026-02-22;14:00;0330014;J.S.A. BORDEAUX;0351417;RENNES ETUDIANTS CLUB 2; 3/1;25-15,25-22,23-25,25-20;98-82;SALLE MAITRE JEAN;LEPINAY DAMIEN;FILLIEUX LOIC;
ABCCS;16;2FD091;2026-03-01;14:00;0351417;RENNES ETUDIANTS CLUB 2;;xxxxx;;;;COURTEMANCHE;;;
ABCCS;16;2FD092;2026-03-01;14:00;0299370;QUIMPER VOLLEY 29;0330014;J.S.A. BORDEAUX; P/3;0-25,0-25,0-25;0-75;GYMNASE COLLEGE LA TOURELLE;MOCQUARD BENJAMIN;DUCHENE FREDERIC;
ABCCS;16;2FD093;2026-03-01;15:00;0338606;VOLLEY BALL CLUB LE HAILLAN;0929372;PLESSIS-ROBINSON VOLLEY-BALL; 2/3;25-27,25-23,27-25,18-25,13-15;108-115;BEL AIR;TEXIER MALO;DARQUY DAVID;
ABCCS;16;2FD094;2026-03-01;16:00;0148994;ELAN SPORTIF DE CARPIQUET DE VOLLEY;0798259;VOLLEY-BALL PEXINOIS NIORT; 3/0;25-23,25-9,25-12;75-44;SALLE LEGRANDOIS;COMBE PHILIPPE;TANGUY LUDIVINE;
ABCCS;16;2FD095;2026-03-01;14:00;0335197;SPORT ATHLETIQUE MERIGNACAIS;0491492;SPORTING CLUB DE L OUEST; 1/3;25-21,27-29,9-25,23-25;84-100;GYMNASE ALICE MILLIAT;BERTRAND JOELLE;BARRABÈS ARNO;
ABCCS;16;2FD096;2026-03-01;14:00;0444976;LES NEPTUNES NANTES VOLLEY ASSOCIATION 2 CFC;0784696;AS VOLLEY-BALL VELIZY; 3/2;25-18,18-25,24-26,26-24,15-4;108-97;JEAN JAHAN 2;PRIOU BRUNO;LE CORVIC FRANK;
ABCCS;17;2FD097;2026-03-08;15:00;;xxxxx;0784696;AS VOLLEY-BALL VELIZY;;;;;;;
ABCCS;17;2FD098;2026-03-08;14:00;0491492;SPORTING CLUB DE L OUEST;0444976;LES NEPTUNES NANTES VOLLEY ASSOCIATION 2 CFC; 3/0;25-17,25-16,25-17;75-50;CENTRE SPORTIF DE LA ROSERAIE;ISNARD ADRIEN;STRENS JULIEN;
ABCCS;17;2FD099;2026-03-08;14:00;0798259;VOLLEY-BALL PEXINOIS NIORT;0335197;SPORT ATHLETIQUE MERIGNACAIS; 3/0;25-21,25-17,25-18;75-56;HENRI BARBUSSE;DOMINGUEZ LUCIO MARCIAL;MOUDACHE LYES;
ABCCS;17;2FD100;2026-03-08;14:00;0929372;PLESSIS-ROBINSON VOLLEY-BALL;0148994;ELAN SPORTIF DE CARPIQUET DE VOLLEY; 3/2;23-25,18-25,25-21,25-17,15-2;106-90;ESP. OMNISPORTS;ZIANE NOUR-EDDINE;TRANCHANT SEBASTIEN;
ABCCS;17;2FD101;2026-03-08;14:00;0330014;J.S.A. BORDEAUX;0338606;VOLLEY BALL CLUB LE HAILLAN; 3/1;20-25,25-14,25-21,25-20;95-80;SALLE MAITRE JEAN;BRESSON NICOLAS;MARTIN JOACHIM;
ABCCS;17;2FD102;2026-03-08;14:00;0351417;RENNES ETUDIANTS CLUB 2;0299370;QUIMPER VOLLEY 29; 3/0;25-21,25-18,25-22;75-61;COURTEMANCHE;MEUNIER JEREMIE;MEUNIER LAURIANE;
ABCCS;18;2FD103;2026-03-22;14:00;0299370;QUIMPER VOLLEY 29;;xxxxx;;;;GYMNASE COLLEGE LA TOURELLE;;;
ABCCS;18;2FD104;2026-03-22;15:00;0338606;VOLLEY BALL CLUB LE HAILLAN;0351417;RENNES ETUDIANTS CLUB 2; 0/3;14-25,21-25,21-25;56-75;BEL AIR;RAT BENJAMIN;DOMINGUEZ LUCIO MARCIAL;
ABCCS;18;2FD105;2026-03-22;16:00;0148994;ELAN SPORTIF DE CARPIQUET DE VOLLEY;0330014;J.S.A. BORDEAUX; 1/3;25-20,22-25,22-25,16-25;85-95;SALLE LEGRANDOIS;VIÉ ARNAUD;DE PARIS SÉBASTIEN;
ABCCS;18;2FD106;2026-03-22;14:00;0335197;SPORT ATHLETIQUE MERIGNACAIS;0929372;PLESSIS-ROBINSON VOLLEY-BALL; 3/F;25-0,25-0,25-0;75-0;GYMNASE ALICE MILLIAT;DELCHOQUE THIERRY;BARRABÈS ARNO;
ABCCS;18;2FD107;2026-03-22;14:00;0444976;LES NEPTUNES NANTES VOLLEY ASSOCIATION 2 CFC;0798259;VOLLEY-BALL PEXINOIS NIORT; 3/0;25-20,25-22,25-22;75-64;JEAN JAHAN 2;BENOIST ALYSSA;DRANSART LOAN;
ABCCS;18;2FD108;2026-03-22;15:30;0784696;AS VOLLEY-BALL VELIZY;0491492;SPORTING CLUB DE L OUEST; 3/2;25-19,20-25,25-18,19-25,15-5;104-92;JEAN MACE;LOUVEAU HUGUES;CHANTEUR VALERIE;
ABCCS;19;2FD109;2026-03-29;15:00;;xxxxx;0491492;SPORTING CLUB DE L OUEST;;;;;;;
ABCCS;19;2FD110;2026-03-29;14:00;0798259;VOLLEY-BALL PEXINOIS NIORT;0784696;AS VOLLEY-BALL VELIZY; 1/3;25-21,14-25,17-25,25-27;81-98;HENRI BARBUSSE;FILLIEUX LOIC;ALI MOUSSA MOUSSA;
ABCCS;19;2FD111;2026-03-29;14:00;0929372;PLESSIS-ROBINSON VOLLEY-BALL;0444976;LES NEPTUNES NANTES VOLLEY ASSOCIATION 2 CFC; 3/0;25-20,25-11,25-21;75-52;GYMNASE JOLIOT CURIE;PRAUD FREDERIC;PRAUD FREDERIC;
ABCCS;19;2FD112;2026-03-29;14:00;0330014;J.S.A. BORDEAUX;0335197;SPORT ATHLETIQUE MERIGNACAIS; 3/2;25-17,23-25,23-25,25-8,15-12;111-87;SALLE MAITRE JEAN;FLAMMANG EMMA;DARQUY DAVID;
ABCCS;19;2FD113;2026-03-29;14:00;0351417;RENNES ETUDIANTS CLUB 2;0148994;ELAN SPORTIF DE CARPIQUET DE VOLLEY; 1/3;25-17,26-28,18-25,15-25;84-95;COURTEMANCHE;MOKAHLI ESSABAG ABDELHAMID;WAGNER CLAUDIANA;
ABCCS;19;2FD114;2026-03-29;14:00;0299370;QUIMPER VOLLEY 29;0338606;VOLLEY BALL CLUB LE HAILLAN; 2/3;23-25,25-22,25-20,23-25,11-15;107-107;GYMNASE COLLEGE LA TOURELLE;TEXIER MALO;GOYER AUDREY;
ABCCS;20;2FD115;2026-04-05;15:00;0338606;VOLLEY BALL CLUB LE HAILLAN;;xxxxx;;;;BEL AIR;;;
ABCCS;20;2FD116;2026-04-05;16:00;0148994;ELAN SPORTIF DE CARPIQUET DE VOLLEY;0299370;QUIMPER VOLLEY 29; 3/0;25-16,25-18,25-22;75-56;SALLE LEGRANDOIS;PLESSIS LÉANDRE;ROUSSET FREDERIC;
ABCCS;20;2FD117;2026-04-05;14:00;0335197;SPORT ATHLETIQUE MERIGNACAIS;0351417;RENNES ETUDIANTS CLUB 2; 3/2;25-20,15-25,20-25,25-13,15-12;100-95;GYMNASE ALICE MILLIAT;LEPINAY DAMIEN;FILLIEUX LOIC;
ABCCS;20;2FD118;2026-04-05;14:00;0444976;LES NEPTUNES NANTES VOLLEY ASSOCIATION 2 CFC;0330014;J.S.A. BORDEAUX; 3/1;25-17,25-22,19-25,25-16;94-80;JEAN JAHAN 2;LOUVEAU HUGUES;DELCHOQUE THIERRY;
ABCCS;20;2FD119;2026-04-04;18:30;0784696;AS VOLLEY-BALL VELIZY;0929372;PLESSIS-ROBINSON VOLLEY-BALL; 3/2;20-25,25-23,25-18,18-25,17-15;105-106;JEAN MACE;SALINAS KRYSTINA;YAFFA AMARA;
ABCCS;20;2FD120;2026-04-05;14:00;0491492;SPORTING CLUB DE L OUEST;0798259;VOLLEY-BALL PEXINOIS NIORT; 1/3;25-22,19-25,19-25,19-25;82-97;CENTRE SPORTIF DE LA ROSERAIE;LE CORVIC FRANK;MOCQUARD BENJAMIN;
ABCCS;21;2FD121;2026-04-19;15:00;;xxxxx;0798259;VOLLEY-BALL PEXINOIS NIORT;;;;;;;
ABCCS;21;2FD122;2026-04-19;14:00;0929372;PLESSIS-ROBINSON VOLLEY-BALL;0491492;SPORTING CLUB DE L OUEST; 2/3;25-17,15-25,25-12,14-25,12-15;91-94;ESP. OMNISPORTS;MOURIER MARTIN;BRUDEY JEAN-FRANCOIS;
ABCCS;21;2FD123;2026-04-19;14:30;0330014;J.S.A. BORDEAUX;0784696;AS VOLLEY-BALL VELIZY; 3/1;25-19,26-28,25-16,25-14;101-77;SALLE MAITRE JEAN;RAT BENJAMIN;LEPINAY DAMIEN;
ABCCS;21;2FD124;2026-04-19;14:00;0351417;RENNES ETUDIANTS CLUB 2;0444976;LES NEPTUNES NANTES VOLLEY ASSOCIATION 2 CFC; 2/3;19-25,26-24,26-24,22-25,12-15;105-113;COURTEMANCHE;PRIOU BRUNO;MORPHEE TIMEO;
ABCCS;21;2FD125;2026-04-19;13:00;0299370;QUIMPER VOLLEY 29;0335197;SPORT ATHLETIQUE MERIGNACAIS; 3/0;25-21,25-13,25-20;75-54;GYMNASE COLLEGE LA TOURELLE;MOKAHLI ESSABAG ABDELHAMID;MILIN FREDERIC;
ABCCS;21;2FD126;2026-04-19;15:00;0338606;VOLLEY BALL CLUB LE HAILLAN;0148994;ELAN SPORTIF DE CARPIQUET DE VOLLEY; 1/3;19-25,16-25,25-23,16-25;76-98;BEL AIR;LOUBAUD VOLLAND NOA;MAUPIOUX EWEN;
ABCCS;22;2FD127;2026-04-26;16:00;0148994;ELAN SPORTIF DE CARPIQUET DE VOLLEY;;xxxxx;;;;SALLE LEGRANDOIS;;;
ABCCS;22;2FD128;2026-04-26;14:00;0335197;SPORT ATHLETIQUE MERIGNACAIS;0338606;VOLLEY BALL CLUB LE HAILLAN; 3/0;25-23,25-23,25-19;75-65;GYMNASE ALICE MILLIAT;VIDAL BRUNO;FLAMMANG EMMA;
ABCCS;22;2FD129;2026-04-26;14:00;0444976;LES NEPTUNES NANTES VOLLEY ASSOCIATION 2 CFC;0299370;QUIMPER VOLLEY 29; 3/2;16-25,25-15,17-25,25-21,15-7;98-93;JEAN JAHAN 2;ALI MOUSSA MOUSSA;BOUHELIER JEAN-BAPTISTE;
ABCCS;22;2FD130;2026-04-26;14:00;0784696;AS VOLLEY-BALL VELIZY;0351417;RENNES ETUDIANTS CLUB 2; 2/3;25-23,19-25,20-25,25-20,9-15;98-108;CENTRE SPORTIF ROBERT WAGNER;LAUNEAU OLIVIER;DECHOUX CHRISTIAN;
ABCCS;22;2FD131;2026-04-26;14:00;0491492;SPORTING CLUB DE L OUEST;0330014;J.S.A. BORDEAUX; 3/1;25-22,22-25,25-18,25-19;97-84;CENTRE SPORTIF DE LA ROSERAIE;LOUVEAU HUGUES;FILLIEUX LOIC;
ABCCS;22;2FD132;2026-04-26;14:00;0798259;VOLLEY-BALL PEXINOIS NIORT;0929372;PLESSIS-ROBINSON VOLLEY-BALL; 2/3;23-25,25-18,25-21,23-25,10-15;106-104;HENRI BARBUSSE;TEXIER MALO;SASTRE JESSICA;
